index,tag
0,การศึกษาและการฝึกอบรม|คอมพิวเตอร์และเทคโนโลยี
1,การศึกษาและการฝึกอบรม
2,ธุรกิจและการบริหารจัดการ
3,สังคม การเมืองการปกครอง
4,การศึกษาและการฝึกอบรม|คอมพิวเตอร์และเทคโนโลยี
5,การศึกษาและการฝึกอบรม
6,ธุรกิจและการบริหารจัดการ
7,สังคม การเมืองการปกครอง
8,การศึกษาและการฝึกอบรม|คอมพิวเตอร์และเทคโนโลยี
9,การศึกษาและการฝึกอบรม
10,ธุรกิจและการบริหารจัดการ
11,สังคม การเมืองการปกครอง
12,การศึกษาและการฝึกอบรม|คอมพิวเตอร์และเทคโนโลยี
13,การศึกษาและการฝึกอบรม
14,ธุรกิจและการบริหารจัดการ
15,สังคม การเมืองการปกครอง
16,การศึกษาและการฝึกอบรม|คอมพิวเตอร์และเทคโนโลยี
17,การศึกษาและการฝึกอบรม
18,ธุรกิจและการบริหารจัดการ
19,สังคม การเมืองการปกครอง
20,การศึกษาและการฝึกอบรม|คอมพิวเตอร์และเทคโนโลยี
21,การศึกษาและการฝึกอบรม
22,ธุรกิจและการบริหารจัดการ
23,สังคม การเมืองการปกครอง
24,การศึกษาและการฝึกอบรม|คอมพิวเตอร์และเทคโนโลยี
25,การศึกษาและการฝึกอบรม
26,ธุรกิจและการบริหารจัดการ
27,สังคม การเมืองการปกครอง
28,การศึกษาและการฝึกอบรม|คอมพิวเตอร์และเทคโนโลยี
29,การศึกษาและการฝึกอบรม
30,ธุรกิจและการบริหารจัดการ
31,สังคม การเมืองการปกครอง
32,การศึกษาและการฝึกอบรม|คอมพิวเตอร์และเทคโนโลยี
33,การศึกษาและการฝึกอบรม
34,ธุรกิจและการบริหารจัดการ
35,สังคม การเมืองการปกครอง
36,การศึกษาและการฝึกอบรม|คอมพิวเตอร์และเทคโนโลยี
37,การศึกษาและการฝึกอบรม
38,ธุรกิจและการบริหารจัดการ
39,สังคม การเมืองการปกครอง
40,การศึกษาและการฝึกอบรม|คอมพิวเตอร์และเทคโนโลยี
41,การศึกษาและการฝึกอบรม
42,ธุรกิจและการบริหารจัดการ
43,สังคม การเมืองการปกครอง
44,การศึกษาและการฝึกอบรม|คอมพิวเตอร์และเทคโนโลยี
45,การศึกษาและการฝึกอบรม
46,ธุรกิจและการบริหารจัดการ
47,สังคม การเมืองการปกครอง
48,การศึกษาและการฝึกอบรม|คอมพิวเตอร์และเทคโนโลยี
49,การศึกษาและการฝึกอบรม
50,ธุรกิจและการบริหารจัดการ
51,สังคม การเมืองการปกครอง
52,การศึกษาและการฝึกอบรม|คอมพิวเตอร์และเทคโนโลยี
53,การศึกษาและการฝึกอบรม
54,ธุรกิจและการบริหารจัดการ
55,สังคม การเมืองการปกครอง
56,การศึกษาและการฝึกอบรม|คอมพิวเตอร์และเทคโนโลยี
57,การศึกษาและการฝึกอบรม
58,ธุรกิจและการบริหารจัดการ
59,สังคม การเมืองการปกครอง
60,การศึกษาและการฝึกอบรม|คอมพิวเตอร์และเทคโนโลยี
61,การศึกษาและการฝึกอบรม
62,ธุรกิจและการบริหารจัดการ
63,สังคม การเมืองการปกครอง
64,การศึกษาและการฝึกอบรม|คอมพิวเตอร์และเทคโนโลยี
65,การศึกษาและการฝึกอบรม
66,ธุรกิจและการบริหารจัดการ
67,สังคม การเมืองการปกครอง
68,การศึกษาและการฝึกอบรม|คอมพิวเตอร์และเทคโนโลยี
69,การศึกษาและการฝึกอบรม
70,ธุรกิจและการบริหารจัดการ
71,สังคม การเมืองการปกครอง
72,การศึกษาและการฝึกอบรม|คอมพิวเตอร์และเทคโนโลยี
73,การศึกษาและการฝึกอบรม
74,ธุรกิจและการบริหารจัดการ
75,สังคม การเมืองการปกครอง
76,การศึกษาและการฝึกอบรม|คอมพิวเตอร์และเทคโนโลยี
77,การศึกษาและการฝึกอบรม
78,ธุรกิจและการบริหารจัดการ
79,สังคม การเมืองการปกครอง
80,การศึกษาและการฝึกอบรม|คอมพิวเตอร์และเทคโนโลยี
81,การศึกษาและการฝึกอบรม
82,ธุรกิจและการบริหารจัดการ
83,สังคม การเมืองการปกครอง
84,การศึกษาและการฝึกอบรม|คอมพิวเตอร์และเทคโนโลยี
85,การศึกษาและการฝึกอบรม
86,ธุรกิจและการบริหารจัดการ
87,สังคม การเมืองการปกครอง
88,การศึกษาและการฝึกอบรม|คอมพิวเตอร์และเทคโนโลยี
89,การศึกษาและการฝึกอบรม
90,ธุรกิจและการบริหารจัดการ
91,สังคม การเมืองการปกครอง
92,การศึกษาและการฝึกอบรม|คอมพิวเตอร์และเทคโนโลยี
93,การศึกษาและการฝึกอบรม
94,ธุรกิจและการบริหารจัดการ
95,สังคม การเมืองการปกครอง
96,การศึกษาและการฝึกอบรม|คอมพิวเตอร์และเทคโนโลยี
97,การศึกษาและการฝึกอบรม
98,ธุรกิจและการบริหารจัดการ
99,สังคม การเมืองการปกครอง
100,การศึกษาและการฝึกอบรม|คอมพิวเตอร์และเทคโนโลยี
101,การศึกษาและการฝึกอบรม
102,ธุรกิจและการบริหารจัดการ
103,สังคม การเมืองการปกครอง
104,การศึกษาและการฝึกอบรม|คอมพิวเตอร์และเทคโนโลยี
105,การศึกษาและการฝึกอบรม
106,ธุรกิจและการบริหารจัดการ
107,สังคม การเมืองการปกครอง
108,การศึกษาและการฝึกอบรม|คอมพิวเตอร์และเทคโนโลยี
109,การศึกษาและการฝึกอบรม
110,ธุรกิจและการบริหารจัดการ
111,สังคม การเมืองการปกครอง
112,การศึกษาและการฝึกอบรม|คอมพิวเตอร์และเทคโนโลยี
113,การศึกษาและการฝึกอบรม
114,ธุรกิจและการบริหารจัดการ
115,สังคม การเมืองการปกครอง
116,การศึกษาและการฝึกอบรม|คอมพิวเตอร์และเทคโนโลยี
117,การศึกษาและการฝึกอบรม
118,ธุรกิจและการบริหารจัดการ
119,สังคม การเมืองการปกครอง
120,การศึกษาและการฝึกอบรม|คอมพิวเตอร์และเทคโนโลยี
121,การศึกษาและการฝึกอบรม
122,ธุรกิจและการบริหารจัดการ
123,สังคม การเมืองการปกครอง
124,การศึกษาและการฝึกอบรม|คอมพิวเตอร์และเทคโนโลยี
125,การศึกษาและการฝึกอบรม
126,ธุรกิจและการบริหารจัดการ
127,สังคม การเมืองการปกครอง
128,การศึกษาและการฝึกอบรม|คอมพิวเตอร์และเทคโนโลยี
129,การศึกษาและการฝึกอบรม
130,ธุรกิจและการบริหารจัดการ
131,สังคม การเมืองการปกครอง
132,การศึกษาและการฝึกอบรม|คอมพิวเตอร์และเทคโนโลยี
133,การศึกษาและการฝึกอบรม
134,ธุรกิจและการบริหารจัดการ
135,สังคม การเมืองการปกครอง
136,การศึกษาและการฝึกอบรม|คอมพิวเตอร์และเทคโนโลยี
137,การศึกษาและการฝึกอบรม
138,ธุรกิจและการบริหารจัดการ
139,สังคม การเมืองการปกครอง
140,การศึกษาและการฝึกอบรม|คอมพิวเตอร์และเทคโนโลยี
141,การศึกษาและการฝึกอบรม
142,ธุรกิจและการบริหารจัดการ
143,สังคม การเมืองการปกครอง
144,การศึกษาและการฝึกอบรม|คอมพิวเตอร์และเทคโนโลยี
145,การศึกษาและการฝึกอบรม
146,ธุรกิจและการบริหารจัดการ
147,สังคม การเมืองการปกครอง
148,การศึกษาและการฝึกอบรม|คอมพิวเตอร์และเทคโนโลยี
149,การศึกษาและการฝึกอบรม
150,ธุรกิจและการบริหารจัดการ
151,สังคม การเมืองการปกครอง
152,การศึกษาและการฝึกอบรม|คอมพิวเตอร์และเทคโนโลยี
153,การศึกษาและการฝึกอบรม
154,ธุรกิจและการบริหารจัดการ
155,สังคม การเมืองการปกครอง
156,การศึกษาและการฝึกอบรม|คอมพิวเตอร์และเทคโนโลยี
157,การศึกษาและการฝึกอบรม
158,ธุรกิจและการบริหารจัดการ
159,สังคม การเมืองการปกครอง
160,การศึกษาและการฝึกอบรม|คอมพิวเตอร์และเทคโนโลยี
161,การศึกษาและการฝึกอบรม
162,ธุรกิจและการบริหารจัดการ
163,สังคม การเมืองการปกครอง
164,การศึกษาและการฝึกอบรม|คอมพิวเตอร์และเทคโนโลยี
165,การศึกษาและการฝึกอบรม
166,ธุรกิจและการบริหารจัดการ
167,สังคม การเมืองการปกครอง
168,การศึกษาและการฝึกอบรม|คอมพิวเตอร์และเทคโนโลยี
169,การศึกษาและการฝึกอบรม
170,ธุรกิจและการบริหารจัดการ
171,สังคม การเมืองการปกครอง
172,การศึกษาและการฝึกอบรม|คอมพิวเตอร์และเทคโนโลยี
173,การศึกษาและการฝึกอบรม
174,ธุรกิจและการบริหารจัดการ
175,สังคม การเมืองการปกครอง
176,การศึกษาและการฝึกอบรม|คอมพิวเตอร์และเทคโนโลยี
177,การศึกษาและการฝึกอบรม
